{"cameraMode":{"drawMode":0,"name":"Shaded","section":"Shading Mode"},"sceneLighting":true,"audioPlay":false,"sceneViewState":{"showFog":true,"showMaterialUpdate":false,"showSkybox":true,"showFlares":true,"showImageEffects":true,"showParticleSystems":true},"in2DMode":false,"pivot":{"x":209.297607421875,"y":2.019758701324463,"z":255.0619354248047},"rotation":{"x":-0.05331754684448242,"y":0.86476069688797,"z":-0.09404321014881134,"w":-0.49059462547302248},"size":9.939373016357422,"orthographic":false}