{"cameraMode":{"drawMode":0,"name":"Shaded","section":"Shading Mode"},"sceneLighting":false,"audioPlay":false,"sceneViewState":{"showFog":true,"showMaterialUpdate":false,"showSkybox":false,"showFlares":true,"showImageEffects":true,"showParticleSystems":true},"in2DMode":false,"pivot":{"x":-26.644798278808595,"y":1.5000004768371583,"z":3.2940359115600588},"rotation":{"x":0.11326415091753006,"y":-0.7680255770683289,"z":0.13399139046669007,"w":0.6182748079299927},"size":1.5437675714492798,"orthographic":false}