{"cameraMode":{"drawMode":0,"name":"Shaded","section":"Shading Mode"},"sceneLighting":false,"audioPlay":false,"sceneViewState":{"showFog":true,"showMaterialUpdate":false,"showSkybox":false,"showFlares":true,"showImageEffects":true,"showParticleSystems":true},"in2DMode":false,"pivot":{"x":13.40948486328125,"y":12.983031272888184,"z":3.0136542320251467},"rotation":{"x":0.019619375467300416,"y":0.9724531769752502,"z":0.08892550319433212,"w":-0.21460063755512238},"size":4.097601890563965,"orthographic":false}