{"cameraMode":{"drawMode":0,"name":"Shaded","section":"Shading Mode"},"sceneLighting":true,"audioPlay":false,"sceneViewState":{"showFog":true,"showMaterialUpdate":false,"showSkybox":true,"showFlares":true,"showImageEffects":true,"showParticleSystems":true},"in2DMode":false,"pivot":{"x":-153.6283721923828,"y":-507.72772216796877,"z":-718.6019897460938},"rotation":{"x":0.029128054156899453,"y":-0.9555128812789917,"z":0.2755996882915497,"w":0.10097958892583847},"size":462.1659851074219,"orthographic":false}